1, MARY, SMITH, MARY.SMITH@sakilacustomer.org,1913 Hanoi Way,30,Teacher,1
2, PATRICIA, JOHNSON, PATRICIA.JOHNSON@sakilacustomer.org,1121 Loja Avenue,20,Doctor,1
3, LINDA, WILLIAMS, LINDA.WILLIAMS@sakilacustomer.org,692 Joliet Street,34,Doctor,1
4, BARBARA, JONES, BARBARA.JONES@sakilacustomer.org,1566 Inegl Manor,50,Doctor,1
5, ELIZABETH, BROWN, ELIZABETH.BROWN@sakilacustomer.org,53 Idfu Parkway,45,Doctor,1
6, JENNIFER, DAVIS, JENNIFER.DAVIS@sakilacustomer.org,1795 Santiago de Compostela Way,66,Doctor,1
7, MARIA, MILLER, MARIA.MILLER@sakilacustomer.org,900 Santiago de Compostela Parkway,33,Doctor,1
8, SUSAN, WILSON, SUSAN.WILSON@sakilacustomer.org,478 Joliet Way,30,Doctor,1
9, MARGARET, MOORE, MARGARET.MOORE@sakilacustomer.org,613 Korolev Drive,36,Doctor,1
10, DOROTHY, TAYLOR, DOROTHY.TAYLOR@sakilacustomer.org,1531 Sal Drive,45,Doctor,1
11, LISA, ANDERSON, LISA.ANDERSON@sakilacustomer.org,1542 Tarlac Parkway,33,Doctor,1
12, NANCY, THOMAS, NANCY.THOMAS@sakilacustomer.org,808 Bhopal Manor,32,Doctor,1
13, KAREN, JACKSON, KAREN.JACKSON@sakilacustomer.org,270 Amroha Parkway,23,Doctor,1
14, BETTY, WHITE, BETTY.WHITE@sakilacustomer.org,770 Bydgoszcz Avenue,25,Doctor,1
15, HELEN, HARRIS, HELEN.HARRIS@sakilacustomer.org,419 Iligan Lane,68,Businessman,1
16, SANDRA, MARTIN, SANDRA.MARTIN@sakilacustomer.org,360 Toulouse Parkway,45,Businessman,1
17, DONNA, THOMPSON, DONNA.THOMPSON@sakilacustomer.org,270 Toulon Boulevard,43,Businessman,1
18, CAROL, GARCIA, CAROL.GARCIA@sakilacustomer.org,320 Brest Avenue,22,Businessman,1
19, RUTH, MARTINEZ, RUTH.MARTINEZ@sakilacustomer.org,1417 Lancaster Avenue,22,Businessman,1
20, SHARON, ROBINSON, SHARON.ROBINSON@sakilacustomer.org,1688 Okara Way,21,Businessman,1
21, MICHELLE, CLARK, MICHELLE.CLARK@sakilacustomer.org,262 A Corua (La Corua) Parkway,23,Businessman,1
22, LAURA, RODRIGUEZ, LAURA.RODRIGUEZ@sakilacustomer.org,28 Charlotte Amalie Street,18,Businessman,1
23, SARAH, LEWIS, SARAH.LEWIS@sakilacustomer.org,1780 Hino Boulevard,24,Businessman,1
24, KIMBERLY, LEE, KIMBERLY.LEE@sakilacustomer.org,96 Tafuna Way,24,Businessman,1
25, DEBORAH, WALKER, DEBORAH.WALKER@sakilacustomer.org,934 San Felipe de Puerto Plata Street,56,Businessman,1
26, JESSICA, HALL, JESSICA.HALL@sakilacustomer.org,18 Duisburg Boulevard,44,Businessman,1
27, SHIRLEY, ALLEN, SHIRLEY.ALLEN@sakilacustomer.org,217 Botshabelo Place,33,Businessman,1
28, CYNTHIA, YOUNG, CYNTHIA.YOUNG@sakilacustomer.org,1425 Shikarpur Manor,66,Businessman,1
29, ANGELA, HERNANDEZ, ANGELA.HERNANDEZ@sakilacustomer.org,786 Aurora Avenue,56,Businessman,1
30, MELISSA, KING, MELISSA.KING@sakilacustomer.org,1668 Anpolis Street,45,Businessman,1
31, BRENDA, WRIGHT, BRENDA.WRIGHT@sakilacustomer.org,33 Gorontalo Way,34,Businessman,1
32, AMY, LOPEZ, AMY.LOPEZ@sakilacustomer.org,176 Mandaluyong Place,54,Businessman,1
33, ANNA, HILL, ANNA.HILL@sakilacustomer.org,127 Purnea (Purnia) Manor,37,Businessman,1
34, REBECCA, SCOTT, REBECCA.SCOTT@sakilacustomer.org,61 Tama Street,27,IT,1
35, VIRGINIA, GREEN, VIRGINIA.GREEN@sakilacustomer.org,391 Callao Drive,27,IT,1
36, KATHLEEN, ADAMS, KATHLEEN.ADAMS@sakilacustomer.org,334 Munger (Monghyr) Lane,25,IT,1
37, PAMELA, BAKER, PAMELA.BAKER@sakilacustomer.org,1440 Fukuyama Loop,34,IT,1
38, MARTHA, GONZALEZ, MARTHA.GONZALEZ@sakilacustomer.org,269 Cam Ranh Parkway,30,IT,1
39, DEBRA, NELSON, DEBRA.NELSON@sakilacustomer.org,306 Antofagasta Place,20,IT,1
40, AMANDA, CARTER, AMANDA.CARTER@sakilacustomer.org,671 Graz Street,21,IT,1
41, STEPHANIE, MITCHELL, STEPHANIE.MITCHELL@sakilacustomer.org,42 Brindisi Place,23,IT,1
42, CAROLYN, PEREZ, CAROLYN.PEREZ@sakilacustomer.org,1632 Bislig Avenue,24,Teacher,1
43, CHRISTINE, ROBERTS, CHRISTINE.ROBERTS@sakilacustomer.org,1447 Imus Way,56,Teacher,1
44, MARIE, TURNER, MARIE.TURNER@sakilacustomer.org,1998 Halifax Drive,32,Teacher,1
45, JANET, PHILLIPS, JANET.PHILLIPS@sakilacustomer.org,1718 Valencia Street,56,Teacher,1
46, CATHERINE, CAMPBELL, CATHERINE.CAMPBELL@sakilacustomer.org,46 Pjatigorsk Lane,32,Teacher,1
47, FRANCES, PARKER, FRANCES.PARKER@sakilacustomer.org,686 Garland Manor,32,Teacher,1
48, ANN, EVANS, ANN.EVANS@sakilacustomer.org,909 Garland Manor,54,Teacher,1
49, JOYCE, EDWARDS, JOYCE.EDWARDS@sakilacustomer.org,725 Isesaki Place,42,Teacher,1
50, DIANE, COLLINS, DIANE.COLLINS@sakilacustomer.org,115 Hidalgo Parkway,23,Businessman,1
51, ALICE, STEWART, ALICE.STEWART@sakilacustomer.org,1135 Izumisano Parkway,35,Businessman,0
52, JULIE, SANCHEZ, JULIE.SANCHEZ@sakilacustomer.org,939 Probolinggo Loop,45,Businessman,0
53, HEATHER, MORRIS, HEATHER.MORRIS@sakilacustomer.org,17 Kabul Boulevard,23,Businessman,0
54, TERESA, ROGERS, TERESA.ROGERS@sakilacustomer.org,1964 Allappuzha (Alleppey) Street,45,Businessman,0
55, DORIS, REED, DORIS.REED@sakilacustomer.org,1697 Kowloon and New Kowloon Loop,23,Businessman,0
56, GLORIA, COOK, GLORIA.COOK@sakilacustomer.org,1668 Saint Louis Place,43,Businessman,0
57, EVELYN, MORGAN, EVELYN.MORGAN@sakilacustomer.org,943 Tokat Street,12,Student,0
58, JEAN, BELL, JEAN.BELL@sakilacustomer.org,1114 Liepaja Street,65,Businessman,0
59, CHERYL, MURPHY, CHERYL.MURPHY@sakilacustomer.org,1213 Ranchi Parkway,32,Businessman,0
60, MILDRED, BAILEY, MILDRED.BAILEY@sakilacustomer.org,81 Hodeida Way,32,Businessman,0
61, KATHERINE, RIVERA, KATHERINE.RIVERA@sakilacustomer.org,915 Ponce Place,30,Businessman,0
62, JOAN, COOPER, JOAN.COOPER@sakilacustomer.org,1717 Guadalajara Lane,31,Businessman,0
63, ASHLEY, RICHARDSON, ASHLEY.RICHARDSON@sakilacustomer.org,1214 Hanoi Way,31,Businessman,0
64, JUDITH, COX, JUDITH.COX@sakilacustomer.org,1966 Amroha Avenue,15,Student,0
65, ROSE, HOWARD, ROSE.HOWARD@sakilacustomer.org,698 Otsu Street,15,Student,0
66, JANICE, WARD, JANICE.WARD@sakilacustomer.org,1150 Kimchon Manor,15,Student,0
67, KELLY, TORRES, KELLY.TORRES@sakilacustomer.org,1586 Guaruj Place,15,Student,0
68, NICOLE, PETERSON, NICOLE.PETERSON@sakilacustomer.org,57 Arlington Manor,12,Student,0
69, JUDY, GRAY, JUDY.GRAY@sakilacustomer.org,1031 Daugavpils Parkway,34,Singer,0
70, CHRISTINA, RAMIREZ, CHRISTINA.RAMIREZ@sakilacustomer.org,1124 Buenaventura Drive,54,Singer,0
71, KATHY, JAMES, KATHY.JAMES@sakilacustomer.org,492 Cam Ranh Street,21,Singer,0
72, THERESA, WATSON, THERESA.WATSON@sakilacustomer.org,89 Allappuzha (Alleppey) Manor,30,Singer,0
73, BEVERLY, BROOKS, BEVERLY.BROOKS@sakilacustomer.org,1947 Poos de Caldas Boulevard,39,Singer,0
74, DENISE, KELLY, DENISE.KELLY@sakilacustomer.org,1206 Dos Quebradas Place,39,Singer,0
75, TAMMY, SANDERS, TAMMY.SANDERS@sakilacustomer.org,1551 Rampur Lane,38,Singer,0
76, IRENE, PRICE, IRENE.PRICE@sakilacustomer.org,602 Paarl Street,36,Singer,0
77, JANE, BENNETT, JANE.BENNETT@sakilacustomer.org,1692 Ede Loop,37,Singer,0
78, LORI, WOOD, LORI.WOOD@sakilacustomer.org,936 Salzburg Lane,40,Singer,0
79, RACHEL, BARNES, RACHEL.BARNES@sakilacustomer.org,586 Tete Way,43,Singer,0
80, MARILYN, ROSS, MARILYN.ROSS@sakilacustomer.org,1888 Kabul Drive,54,Singer,0
81, ANDREA, HENDERSON, ANDREA.HENDERSON@sakilacustomer.org,320 Baiyin Parkway,75,Singer,0
82, KATHRYN, COLEMAN, KATHRYN.COLEMAN@sakilacustomer.org,927 Baha Blanca Parkway,26,Singer,0
83, LOUISE, JENKINS, LOUISE.JENKINS@sakilacustomer.org,929 Tallahassee Loop,38,Businessman,0
84, SARA, PERRY, SARA.PERRY@sakilacustomer.org,125 Citt del Vaticano Boulevard,74,Businessman,0
85, ANNE, POWELL, ANNE.POWELL@sakilacustomer.org,1557 Ktahya Boulevard,65,Businessman,0
86, JACQUELINE, LONG, JACQUELINE.LONG@sakilacustomer.org,870 Ashqelon Loop,32,Businessman,0
87, WANDA, PATTERSON, WANDA.PATTERSON@sakilacustomer.org,1740 Portoviejo Avenue,65,Businessman,0
88, BONNIE, HUGHES, BONNIE.HUGHES@sakilacustomer.org,1942 Ciparay Parkway,32,Businessman,0
89, JULIA, FLORES, JULIA.FLORES@sakilacustomer.org,1926 El Alto Avenue,12,Student,0
90, RUBY, WASHINGTON, RUBY.WASHINGTON@sakilacustomer.org,1952 Chatsworth Drive,54,Teacher,0
91, LOIS, BUTLER, LOIS.BUTLER@sakilacustomer.org,1370 Le Mans Avenue,18,Student,0
92, TINA, SIMMONS, TINA.SIMMONS@sakilacustomer.org,984 Effon-Alaiye Avenue,19,Student,0
93, PHYLLIS, FOSTER, PHYLLIS.FOSTER@sakilacustomer.org,832 Nakhon Sawan Manor,20,Businessman,0
94, NORMA, GONZALES, NORMA.GONZALES@sakilacustomer.org,152 Kitwe Parkway,42,Businessman,0
95, PAULA, BRYANT, PAULA.BRYANT@sakilacustomer.org,1697 Tanauan Lane,23,Businessman,0
96, DIANA, ALEXANDER, DIANA.ALEXANDER@sakilacustomer.org,1308 Arecibo Way,44,Businessman,0
97, ANNIE, RUSSELL, ANNIE.RUSSELL@sakilacustomer.org,1599 Plock Drive,22,Businessman,0
98, LILLIAN, GRIFFIN, LILLIAN.GRIFFIN@sakilacustomer.org,669 Firozabad Loop,23,Businessman,0
99, EMILY, DIAZ, EMILY.DIAZ@sakilacustomer.org,588 Vila Velha Manor,53,Businessman,0
100, ROBIN, HAYES, ROBIN.HAYES@sakilacustomer.org,1913 Kamakura Place,45,Businessman,0
101,AARON,SELBY,AARON.SELBY@sakilacustomer.org,1519 Santiago de los Caballeros Loop,57,Farmer,0
102,ADAM,GOOCH,ADAM.GOOCH@sakilacustomer.org,230 Urawa Drive,34,Farmer,1
103,ADRIAN,CLARY,ADRIAN.CLARY@sakilacustomer.org,1986 Sivas Place,38,Farmer,1
104,AGNES,BISHOP,AGNES.BISHOP@sakilacustomer.org,866 Shivapuri Manor,29,Farmer,0
105,ALAN,KAHN,ALAN.KAHN@sakilacustomer.org,753 Ilorin Avenue,52,Farmer,0
106,ALBERT,CROUSE,ALBERT.CROUSE@sakilacustomer.org,1641 Changhwa Place,43,Farmer,0
107,ALBERTO,HENNING,ALBERTO.HENNING@sakilacustomer.org,502 Mandi Bahauddin Parkway,49,Farmer,0
108,ALEX,GRESHAM,ALEX.GRESHAM@sakilacustomer.org,251 Florencia Drive,41,Farmer,0
109,ALEXANDER,FENNELL,ALEXANDER.FENNELL@sakilacustomer.org,231 Kaliningrad Place,42,Farmer,1
110,ALFRED,CASILLAS,ALFRED.CASILLAS@sakilacustomer.org,1727 Matamoros Place,51,Farmer,1
111,ALFREDO,MCADAMS,ALFREDO.MCADAMS@sakilacustomer.org,1407 Surakarta Manor,39,Farmer,0
112,ALICE,STEWART,ALICE.STEWART@sakilacustomer.org,1135 Izumisano Parkway,50,Farmer,1
113,ALICIA,MILLS,ALICIA.MILLS@sakilacustomer.org,1963 Moscow Place,27,Farmer,0
114,ALLAN,CORNISH,ALLAN.CORNISH@sakilacustomer.org,947 Trshavn Place,33,Farmer,1
115,ALLEN,BUTTERFIELD,ALLEN.BUTTERFIELD@sakilacustomer.org,791 Salinas Street,50,Farmer,0
116,ALLISON,STANLEY,ALLISON.STANLEY@sakilacustomer.org,754 Valencia Place,37,Farmer,0
117,ALMA,AUSTIN,ALMA.AUSTIN@sakilacustomer.org,1074 Binzhou Manor,30,Farmer,1
118,ALVIN,DELOACH,ALVIN.DELOACH@sakilacustomer.org,1447 Chatsworth Place,28,Farmer,1
119,AMANDA,CARTER,AMANDA.CARTER@sakilacustomer.org,671 Graz Street,60,Farmer,0
120,AMBER,DIXON,AMBER.DIXON@sakilacustomer.org,1029 Dzerzinsk Manor,45,Farmer,1
121,AMY,LOPEZ,AMY.LOPEZ@sakilacustomer.org,176 Mandaluyong Place,33,Farmer,0
122,ANA,BRADLEY,ANA.BRADLEY@sakilacustomer.org,682 Garden Grove Place,30,Farmer,0
123,ANDRE,RAPP,ANDRE.RAPP@sakilacustomer.org,568 Dhule (Dhulia) Loop,34,Farmer,0
124,ANDREA,HENDERSON,ANDREA.HENDERSON@sakilacustomer.org,320 Baiyin Parkway,41,Worker,1
125,ANDREW,PURDY,ANDREW.PURDY@sakilacustomer.org,431 Szkesfehrvr Avenue,40,Worker,1
126,ANDY,VANHORN,ANDY.VANHORN@sakilacustomer.org,966 Asuncin Way,52,Worker,1
127,ANGEL,BARCLAY,ANGEL.BARCLAY@sakilacustomer.org,496 Celaya Drive,60,Worker,0
128,ANGELA,HERNANDEZ,ANGELA.HERNANDEZ@sakilacustomer.org,786 Aurora Avenue,39,Worker,0
129,ANITA,MORALES,ANITA.MORALES@sakilacustomer.org,788 Atinsk Street,59,Worker,0
130,ANN,EVANS,ANN.EVANS@sakilacustomer.org,909 Garland Manor,28,Worker,0
131,ANNA,HILL,ANNA.HILL@sakilacustomer.org,127 Purnea (Purnia) Manor,22,Worker,0
132,ANNE,POWELL,ANNE.POWELL@sakilacustomer.org,1557 Ktahya Boulevard,59,Worker,1
133,ANNETTE,OLSON,ANNETTE.OLSON@sakilacustomer.org,431 Xiangtan Avenue,55,Worker,0
134,ANNIE,RUSSELL,ANNIE.RUSSELL@sakilacustomer.org,1599 Plock Drive,55,Worker,0
135,ANTHONY,SCHWAB,ANTHONY.SCHWAB@sakilacustomer.org,1892 Nabereznyje Telny Lane,52,Worker,1
136,ANTONIO,MEEK,ANTONIO.MEEK@sakilacustomer.org,1190 0 Place,33,Worker,1
137,APRIL,BURNS,APRIL.BURNS@sakilacustomer.org,483 Ljubertsy Parkway,46,Worker,0
138,ARLENE,HARVEY,ARLENE.HARVEY@sakilacustomer.org,1014 Loja Manor,33,Worker,1
139,ARMANDO,GRUBER,ARMANDO.GRUBER@sakilacustomer.org,869 Shikarpur Way,35,Worker,1
140,ARNOLD,HAVENS,ARNOLD.HAVENS@sakilacustomer.org,1176 Southend-on-Sea Manor,46,Worker,1
141,ARTHUR,SIMPKINS,ARTHUR.SIMPKINS@sakilacustomer.org,1157 Nyeri Loop,24,Worker,0
142,ASHLEY,RICHARDSON,ASHLEY.RICHARDSON@sakilacustomer.org,1214 Hanoi Way,33,IT,0
143,AUDREY,RAY,AUDREY.RAY@sakilacustomer.org,1010 Klerksdorp Way,44,IT,1
144,AUSTIN,CINTRON,AUSTIN.CINTRON@sakilacustomer.org,1325 Fukuyama Street,50,IT,0
145,BARBARA,JONES,BARBARA.JONES@sakilacustomer.org,1566 Inegl Manor,39,IT,1
146,BARRY,LOVELACE,BARRY.LOVELACE@sakilacustomer.org,1836 Korla Parkway,38,IT,0
147,BEATRICE,ARNOLD,BEATRICE.ARNOLD@sakilacustomer.org,1877 Ezhou Lane,46,IT,0
148,BECKY,MILES,BECKY.MILES@sakilacustomer.org,1993 Tabuk Lane,54,IT,1
149,BEN,EASTER,BEN.EASTER@sakilacustomer.org,886 Tonghae Place,34,IT,1
150,BENJAMIN,VARNEY,BENJAMIN.VARNEY@sakilacustomer.org,817 Laredo Avenue,47,IT,1